{"0":[330.3558906536619],"1":[420.4023107734015,363.8718364864976,355.7971958305164],"2":[346.6500108111003,343.57692284059056,341.22751826622994,344.6183212029644,370.23816020794413,332.18431738936385,357.9918102482626,400.4885844751529],"3":[425.10255304220004,332.6390022960406,427.43342194498587,373.4486031893451,390.28984158849914,383.40431698841826,352.2212990270861,351.6371447189736,369.73821700564235,331.339041592123,370.5446030608413,327.30418874043914,371.87664155652675,406.3721680676458,355.1613367775512,384.56495747402545],"4":[428.5039682462736,352.37046619220894,338.3045211946236,353.1291682651764,347.0704821162137,329.9197114487028,339.64666763118043,359.8669522798658,361.22031332712464,407.7442786238667,350.5054851960808,421.9920144859196,351.25729378428747,392.26718660700163,375.7079107665999,390.8749780379163,369.9033848547307,355.60015211310923,383.0868543821139,341.11470396114686,400.8977172757487,337.81883518828164,378.58546120725424,363.74080174532503,400.15145719105027,401.7365151342463,326.59239455044275,365.6582724312433,400.27756648923753,330.6650411590671,360.4201004606092,413.72913386689834,363.4931137182782,378.7108455968441,373.6246252285377,341.5061603009563,348.94778450292165,356.82537724221913,368.69150331681016,350.1024316659005,377.63664010426606,385.9438338419708,338.62567814032263,346.15758946085066,421.5581039773253],"5":[369.466803964253,343.47417433930843,376.3319256283984,408.8801248097084,432.71665274786983,380.2662256418637,422.9211372302191,326.13662487478985,332.4859003652778,388.79859710029154,382.28753453155434,390.20391293007145,380.29552978760023,430.88293246319597,345.53954622422054,374.88048199220225,424.65547932926233,338.7520079823301,387.1085483313308,326.69174574921516,351.4992238951891,362.29419145626207,412.6052897271251,376.42238722948036,377.20421071499504,338.87407073408673,350.4731732617583,405.76031947869836,339.16553138103944,395.9057626187097,414.90543282547054,336.5614771318553,386.4116379544795,425.53452888211496,432.2538955304521,379.1630826188218,362.58537543691745,390.26979442289075,398.5935769972957,368.4583560907722,390.0614237973472,359.3776585357544,330.3236482168908,326.4110099432611,333.79375767203106,367.05761814437835,394.85686170925646,357.72629786583065,400.26153725548943,400.63381037313985,375.4500015014373,376.7582402537215],"6":[434.08920215336536,386.1377327972197,414.78067154028474,354.0495147088065,342.1058726516248,392.5658847223733,341.52666058566535,326.49206615615344,352.89232587883595,402.4352061250382,400.68239667403185,434.53920957094846,374.8326254110341,412.1080038545593,378.2167195954511,367.9885675368738,399.48268943431594,395.87360477824063,433.3557126039846,401.8055937309306,335.179403681353,357.1932756796111,397.90433952727386,433.9350334338111,334.0544395131973,366.96785092602835,431.0756578215887,353.6008491019184,388.16154601680324,396.8513227301825,326.66012537667746,338.59454461610704,347.5678018186499,406.01619565946464,338.1062392715893,395.2186677861881,347.48977285595055,418.9269066511818,434.1829200183302,362.5475050747223,354.00190322338744,403.230329534453,325.8822830401349,371.4487734267994,390.68635299768016,398.5887162846126,404.97883543826174,364.7678975854532,355.95422226944913,420.83430195463905,360.1805659007033,432.09549816647876,329.8168240134871,402.968257307779,419.34024426853426,329.8670127510995,371.5020390486323,429.88494454051266,430.4688814457443,367.2080769854954,408.51491494441495,383.310145022468,348.4968436714592,337.9904462838549,404.57315608811916,420.56840738381123,386.9822780933546,339.4187514795373,410.7675427584917],"7":[347.59897999319855,400.479319285027,328.6699983120083,434.4152328197546,431.4919856972787,363.3134746737133,395.97684752541795,363.7863147549215,343.1571666384458,353.76398429818954,371.3528304248548,415.0096396842924,339.7844727640488,421.40366796943897,325.35543448846886,367.5484096908048,415.082082294156,364.17887771667716,382.2425882816419,374.5126646352946,355.79346703737514,374.59263035200337,387.07557726047685,337.08328093844165,398.4056601891424,337.60988999360177,414.88779351458487,331.81369028211566,420.703093373069,395.36590539855115,432.6104091745674,376.32792725604827,390.7250136751736,353.2030324372485,429.3367948308886,427.10367239165424,395.32862402358256,393.7813858290848,419.3029337715784,395.75849595925035,378.2886888066038,392.5845447883945,413.00935937698335],"8":[385.2537865099612,413.4608565464521,353.4745641345971,414.51562557871534,409.65402562709465,336.59916070570375,395.2589781036241,399.48883062682603,334.20635366380895,392.5800045811895,407.45155442025305,390.712994356735,375.6019150007555,387.8080769749685,365.9662989630058,354.6563323409814,410.7555850686527,381.4006865209457,380.6107566078823,403.6765700072303,405.78790839720773,389.719441933203],"9":[412.721278753842,402.3048339279112,413.07641639298345,386.44472303880923,397.08402461135,423.56462711987285,386.67816283170873,378.22606853864585,380.23627142947396,389.50989415242975,336.96661660293347,381.286935269573,420.8777523767941,358.572109514358],"10":[339.9338103286271,338.5182791922876,392.7231765530347,365.99497339253463],"11":[391.42961303657165,391.863800279087]}