{"0":[398.48518528593195],"1":[359.1884302785009],"2":[397.9814702826313,394.73052641584127,417.0442541858355,358.0682389701084,353.959794100676,396.2190412292486,371.16959120449707],"3":[388.3054615106519,363.6780404589732,347.2331758201624,370.57160932109826,370.8903147300996,376.34743503072093,357.6331609375757,388.2949025983003,375.2796236238887,358.34902127903285,358.86655644498654,363.24866466108176,376.22310092634,418.1641494021883,377.33824578890955,353.6127097751089,371.2987621618411],"4":[404.93306940204496,357.68820893428364,392.86584199084854,380.4117419874461,380.74763574605197,411.43606306240235,358.4427779983122,363.55957796069856,339.92045524588787,340.0270785081405,345.3099616959554,358.361375970035,403.515340080689,369.89700273621344,401.52963190895366,388.23823282707764,391.4619999509645,353.92815743771126,411.88360429685827,393.03793399910126,400.08633588792094,345.29013955609423,366.14447880136083,356.86897032256934,417.06794738386714,351.2326828268251,398.0453625143901,370.348066967278,376.57238457078427,340.84632060852374],"5":[395.5604880134321,362.8848829601748,398.3504780209261,351.9276611502077,409.95469982456706,339.44553543230444,352.17759429232865,395.3399583005012,398.5527042635527,393.0737329484871,357.1950546400536,365.5395341224694,409.8804713647335,377.0419775832304,372.6228215276929,341.74655112981833,357.13148311941524,376.48653575033387,375.8849797932852,346.66215212969655,371.6820795905893,366.92898009164145,363.67503099732517,400.0212453872822,369.44553969575225,369.7243530033899,411.22308442122244,357.28001028368755,363.31314153155535,399.4843523433273,373.16369674945184,391.51186847284356,345.2084453146567,420.53240814108955,420.5401477474357,357.3988590494344,357.81131463788677,342.49161029392576,358.41946735145456,357.53791646696635,381.4432814849969,357.41212541437824,345.21620242984363,415.7931415621166,404.74074226717806],"6":[349.57219798439274,347.64989679264426,399.9564679818036,379.5713080564562,345.69510921892277,374.2070477691624,384.3455018358048,352.1516514406765,391.680485673821,374.6487850771537,349.11846432185393,353.74233021013504,349.379437125535,408.4788920380886,372.21447385713384,358.6344411403358,393.7364158844012,378.79946835417593,361.4779069312885,372.5775342231991,406.9364843806429,350.54590702812277,373.92867742230965,398.00271308208113,377.8384165959455,375.0065909856695,368.9600774776047,356.28757580213767,373.5957064966974,413.34737101569084,363.4301877475028,392.0067571483223,397.9280326023213,351.7594480023978,374.31688634626346,382.12004388726456,364.6009369826604,398.5543831599805,417.3608704953675,373.80347472392066,417.9058367021365,394.5221929002323,353.5515895513119,382.51727534330735,399.5795521205838,401.4635684617034,390.59503788782996,376.7430820520542,348.02684096705656,412.0310545447553,399.7030089827241,356.6636589892796,413.23765193463976,420.99539383315414,409.6150503153532,356.73931782376127,395.11767582093194,420.102412086866,408.0260043822534,403.5290214155339,415.2099504977636,388.5839607938674,359.36878114978776,380.9423159712569,386.66058548670594],"7":[343.74043821553977,412.0562928355882,381.05182747230185,386.2923141808594,417.7942214035639,399.80039260853295,364.9151777216672,388.35575036388036,372.8454693044424,352.69248507085933,408.4706250742156,350.7660817812068,364.8338056412316,386.7014884159885,343.53685351048176,417.3775178370355,342.58871506456325,355.44198516899,406.607253920419,377.6821819144498,343.553240470214,380.66120300201203,349.6650472566613,354.44409996612075,398.5726137649354,355.0998123998512,354.1438510946893,372.7364054215176,374.94596325816434,393.61326115329376,411.8509919540687,406.52797762806983,381.1497366138203,411.05869870005444,344.3625855394931,399.38939686094767,356.0854443655718,401.974109178538,393.4283276210091,381.5316926201792,411.96937907493174,344.2862045868944,356.65839649122245,398.9048460244289,362.6423578420802,378.53294631846927,388.1152584947459,388.9649089987395,395.9878111630203,396.7985857671617,375.9368161160141,356.6174046233527,356.31886227713215,406.2248897850226,353.84142448628273,360.775670611153,405.3939361938234,367.3887914090804,381.77775072322345,382.6655473655616,344.4684191077257,382.1732255333634,372.1574676318023,347.8098631714033],"8":[355.20889550908277,419.8234078792534,344.18749195314683,356.15438267197374,351.04949571879985,414.1840112406889,392.3694697160494,388.61399239779143,353.16082393211474,396.07006407248986,405.21861711877546,348.7723055738023,367.2240060626658,402.3111568813622,358.3220119408815,354.7323995781957,387.6801448795494,385.5898360006231,420.1508549586336,392.6296579391958,413.7184365690907,383.93396973520174,420.3585231579279,359.0217603722115,389.0797975029683,391.362482942721,361.12466428763804,346.78546659170786,347.1962425040421,388.58784462732,360.7615812787261,389.23701841627735,393.0441009500552,398.88610572637174,400.0517280965178,363.8831372869235,393.23026241967574,395.8695203725505,371.2440844595856,383.85336396577554,409.63580656365946,382.3354454316252,370.51083849194475,342.3892160763231,349.3628634208604,420.66369421565486,368.33666930290076,353.45437765613474,366.0933071454962,347.20747267646834,399.1621013948339,339.4406708576756,385.5170178869424,365.55098126972337,420.3522121797412,373.19549791591453,371.7616670780897,348.4126936004249,380.57874267867675,349.7822764686477,415.5020701981812,340.35966087523354,365.3282002973649,405.92904855964275,397.4930591802082,351.48178172009216,385.712171180639,345.0759304195449,420.2739671411738,400.1987664191345,417.69467093806213,362.25296624038515,343.4174976944994,377.72368438359825],"9":[399.5891302924252,400.4899950729453,381.3046234396259,366.14049984097625,394.80062221566186,414.4691243473216,398.99695334680985,352.6828523524807,409.60825853853305,417.47126786174533,419.9315605825306,398.43644680605615,413.8329765070476,349.9454529088995,349.2096872193406,398.7262984375552,346.69349823660076,385.39281232974906,406.49253996855447,366.49853305480764,362.25313738562835,409.202055845855,351.215216717914,351.8493078559674,379.7775094238121,409.57503993759093,404.2981442099201,389.17334263164156,415.82420249561073,347.6760280566566,407.3457335439421,360.4750139673954,399.1220363023847,406.86186254644116,390.47049272913097,366.80363121379673,346.4540492221515,391.09147486970346,418.6996712456705,419.936324797957,352.94678888855344,397.3896794207109,345.97321458194097,352.3755203973339,343.93884258311743,386.32339242641325,358.9337640332055,340.6261433462106,384.60415074796686,409.57819197657744,363.91350829773575,351.26716736690173,347.82473212532733,341.2933944896874,409.3678751652589,361.77013496946904,358.53087789714715,350.3887113586029,419.6248447453192,389.56774532616276,382.98848673840826,415.1506506243016,367.08261664352943,419.3489524093651,366.9279451749831,384.3834228092196,341.1272137003124,342.03210271217614,344.0226034817813,362.9662737101753,418.7406534497668],"10":[352.5492176814004,353.12133866442895,379.7624874713825,362.275772759944,369.6016245995604,343.64928303192943,384.4084664354598,408.35576574922834,396.3807674025281,414.1588057763973,408.091643000049,359.9565541769039,420.89352833274165,364.87809118767717,393.9859570487903,396.99412961376385,395.58504798759424,368.0112145058591,415.1974058054306,391.1815694455617,390.0708098535046,413.9120336531789,419.38969178248567,385.21079114201655,343.1876190625617,413.8391816366511,342.6725014769546,365.8020649011879,420.5501090631317,367.3865997161319,350.0479072824803,384.6764598652918,390.46945687269954,371.8771781660864,340.03677903018115,381.56612247916956,372.8116330512705,403.6592774790659,366.867887727915,343.36852352350166,359.3333355501982,408.89605594600806,416.16619457659664,359.445590174151],