{"0":[371.8664619596448],"1":[351.8091992349396,375.74463611820454,381.81953045204375,367.4620842462011,372.54427109807136,352.77863307207735,348.47441331718767],"2":[399.88152043646363,342.8815706646405,346.86367811986435,371.915187510745,341.163720982554,372.4876605487857,369.9485573720095,347.6958304236574,391.62173397855435,363.74971590112415,350.2712220146483,357.5060649760396,346.59513345958703,422.3720256490179,421.9248871229261,371.71284449534926,357.3824834247887,366.0079821277623,373.89930847254624,350.35924689611363,354.8143822995077,350.16851397633735,418.15346510436837,380.6278908103492],"3":[403.26448324893227,351.8516563948336,424.9723196456184,343.0563800885276,354.7777417100631,332.2643195100742,349.3627366033937,353.03623567049937,404.0510734968071,333.15035652353924,333.81647605299435,353.4299165708744,391.96536897204214,421.0301305728288,332.5470817408972,425.38922352215087,372.2772384946604,345.38060159071426,374.6365344165128,374.86741535237616,397.8212924946118,375.6299330974079,350.6676804148316,350.35957697823005,349.4176843843118,369.79539057564693,368.6578652797928,395.997600335856,425.0943679093514,354.1080836501916,393.39871079209394,368.5092774167724,381.6163133270419,367.40699595355005,395.6193548036698,352.19614103864063,409.19941335369856,347.04857986392255,363.644932796456,345.4950733058396,368.07685737764297,336.2111487853802,344.7504602861343],"4":[401.676201623966,381.9227763714541,365.6177794510897,369.7440075416431,346.2009329003927,349.24246545881846,403.0496510198942,401.60731070414647,344.18900713229044,349.4663611597785,336.1369635590988,379.03394567944025,342.7855488082893,371.4555210580277,376.5338797891695,353.69649639087,345.12938335655065,365.66192217963817,346.483758852902,384.7694386149465,352.84012881677927,363.02681673175783,352.3533191022402,360.21416938986505,407.7529499199403,366.69076150480566,423.5825929670805,362.81869761214847,405.27709445261166,372.41177943502976,363.58506033437396,331.9676735854498,399.09994802896597,331.4033347826579,392.29941209966455,330.09142620359086,392.22503992301154,342.7555539793347,364.4123533496526,345.64027438239935,350.5832299716096,397.36726764383155,330.44945781040866,362.4237117852614,422.8010880497458,362.7752079082751,422.9488854777926,395.749042435713,386.60315248797775,330.41433172099215,386.59442059506415,393.4013765568191,389.17220079353285,354.69016700256316,369.2515975282505,365.03009690649344,335.62190185949106,341.40312407773837,349.3949219493033,343.57814867561,424.70511179499385,426.01720167819826,372.4997950873717,403.79498331513486,403.539075749092,422.2171304555643,361.35306460326234,426.17352363422606,347.598739146421,408.4141564725274],"5":[394.8713696667987,417.39253551199954,355.63745672350313,357.199850535752,349.26949903670544,342.4565582371647,378.9779197310642,409.4999594962134,395.7969918181553,395.8701347032771,383.8724054825959,380.573193820087,378.3572759831373,353.04822691304724,369.39719646199694,374.5422886675709,358.2780998178252,380.9293110422886,414.82460856819614,360.14174789582876,421.90601882931225,353.5756333370427,335.5497444871745,394.0863517017854,336.1793598496874,375.9757063068924,419.92339039788067,342.3852961319532,330.3753934062227,400.8031725225899,408.8394317635772,380.40595445155657,396.5338463100295,416.9002520963865,339.5960971324073,386.7080413133052,347.53635047302464,355.9974497687525,397.33118021779126,374.1340754614512,419.02464536850675,337.45655667105683,423.07243456343565,365.6002304139866,389.88864561674427,348.9075679474872,379.4567357253145,400.1335341355671,400.31818458310136,403.2297235813725,405.7951339666899,418.47117630503203,330.4890183000854,350.84421766619715,398.28319076245714,347.2878627860837,373.3711667425143,395.09128363512787,422.5755322008185,380.99716448700775,413.8730816742798,397.99889235489064,398.16761710062616,349.1448083375435,409.3919764818591,338.4704713851252,355.84165682761204,333.3075064194198,377.9288907013897,366.502968243244,350.2297535114256,341.3753166414405,392.2207428292718,384.72765996529677,350.2971469998413,336.6524892405257,365.11983557477816,375.0336240901562,401.0527561935319,417.4252604133418,402.3665776524011,387.07996282272796,419.43346954258766,364.38318594117936,353.55840793700975,334.62103901604115,345.3165813681896,346.93246858062287,343.5862789845237,357.0940582999717,402.0799350844118,354.1709519032854,411.4271839601993,376.84778083244396,374.55224567807534,397.00740164373445,419.7213525014628,341.75244982356986,333.3917021549376,351.8347113086071],"6":[398.47312990511364,401.4551692317925,373.7560489189896,423.2969657014395,380.8147108329511,402.2064906498894,346.1925354717782,429.93734513061315,362.6011858185763,376.940661755963,401.8128977355452,363.5413501552279,394.96258767588574,373.06207566587864,337.1445393386101,376.6611830351855,355.1679869592102,405.4376335054264,335.3113586476953,416.9005424262938,341.15704943454625,418.80421588960564,353.0899309698289,334.0392881743305,403.0166229902468,418.94400509222896,366.5894610536469,394.6711363250832,342.4215421414119,404.1661021123344,355.3435451034967,365.85032749556274,354.96813305197435,366.7477248096514,424.28659457287074,375.3990632431412,420.70719169431095,390.2491753336536,405.8115251144055,343.5260096325268,414.2723248002864,405.48938128901136,419.69058658504764,390.2507758283406,386.2905314659506,420.51506475057005,374.08594348139815,352.3676635832826,349.5611717500626,356.5397377220563,412.04310216596093,392.0004788567093,395.7367151056341,387.3641733531148,398.7533371839262,377.17964801885495,389.1868323239909,348.85392205872085,362.1461115307027,333.298562197099,350.91904207466706,351.3803987026267,386.15356339342566,415.2655680297332,366.79302315121095,370.60321150717505,376.07502745872193,393.90799683511483,404.9758573108945,411.17769880981365,418.3582910556113,410.4424361090829,407.24381410853846,417.2093576297326,366.3331001901747,337.3504815637108,368.2281089839453,373.6216809735395,388.55988758094827,381.9957221381917,411.71645968071215,416.7225803606898,416.56606431998944,386.23205697625343,424.55350864529305,332.07027765189997,402.58062022649233,396.9469543922043,393.7726559378786,389.16024197068236,340.35606008326357,411.3214139997657,351.4330411744785,382.45190688732106,409.72249748546045,342.9331710234728,379.0815688734858,348.8127499037112,365.39392200808857,410.09921021077525,421.1361459978784,359.1781928519005,330.2173068326045,393.52921583526347,377.2722528808488,427.6444715913774,403.3801567559393,422.63666037599853,394.1916738166355,397.772087029921,343.54502718545456,384.3049092560347,401.81518654559073,415.78840642181615,396.9430153854235,400.51733212936404,368.73390667225254,400.51618134007344,415.95450457826524,343.75266276457234,409.7009140587352,410.483192810854,385.62181461183326,360.90168286137464,405.68610728961437,347.06144974288605,391.4036918467296,365.6067996975229,410.374077575605,420.70406756589244,382.80416970090073,352.69658423647724,381.0168503620446,390.4474152035848,354.7240390078454,415.77029021379775,385.8438768216499,412.4753152304884,417.0351000774073,374.3485043473245,429.38108239832843,379.4798926079736,331.36669895962643,423.31503141215063],