{"0":[421.2751109090402,330.8175060715434],"1":[314.7842457535013,422.3728130615153],"2":[335.05856529733836,329.4249341092725,398.90460945462894,336.4949350584857,370.8170924874143,337.3414404283174,341.4165969244468,421.66998054476664,442.84726297485804,408.52982360860875,441.7220738147908],"3":[443.89511623372533,343.7868645670513,444.62984999550787,319.4661318788388,445.04328539588994,402.851300030273,444.5043568227676,354.87375473392484,330.6529600593202,375.9213911772221,325.8421494391116,379.77439347960194,445.2044441929351,421.20510768911527,375.13045201332545,430.5895274379743,325.1977356784408,400.8478547784184,315.2972977378846,361.2489975148993,402.7444405815672,374.8411782257109,341.50765669434446,324.8023692174831],"4":[375.1210421968022,388.7594573328504,404.9463596252139,340.43489402516934,340.4401465362897,379.11744654949473,378.6385653151125,401.06574258121947,432.7182076990762,391.34436654692144,386.51421929083256,414.34493562524136,419.15773852599744,390.47174542859915,345.73258550174336,415.63569635167795],"5":[346.61010736003084,397.20746871626164,385.5901542375294,381.2227524875958,373.8989898185894,413.2725227979251,330.24731492860633,384.60876027206757,423.37669354743616,444.2822663149573,352.93956717838336,342.83895409262317,429.4470923393254,348.42410650050857,371.2130883612356,340.35656409436467,374.7060472430347,401.0097702989227,437.2427585640959,437.0494182303216],"6":[427.31418416127553,351.27097864610835,415.28249671713155,396.8270976187636,394.16539968048437,392.90553320527226,361.84430622071267,364.146990204824,425.9997876798513,412.9739706914933,387.9947744874414,427.8988489129324,380.6657898470844,423.9079299171217,386.89399813118825,433.3347502209767],"7":[360.2802295016027,394.9390981301665,415.0137043333246,357.9010235156069,328.5239398017359,387.52303030124983,424.8653872200022,357.31762001022514,434.23488135225443,399.80833324417546,346.932636044141,337.7255527189247,333.0853714152881],"8":[394.1774615785994,337.6119966391685,358.0199337136664,423.3406051644085,328.25561446333285],"9":[418.2087492452573]}