{"0":[347.15348664696546],"1":[427.9127901993657,371.0000736053149],"2":[373.20084466751604,394.31361223927127,334.74337436001304,410.58501444343796,426.9970852588082,324.47255788863123,399.3886617039602,345.0304303213831,431.3361309915763],"3":[402.8993519896877,366.1515889628815,381.72269885209323,342.871596319604,399.5194747254567,428.1834941546167,370.2065968325061,435.7222042491194,410.5380252692296,405.63684600595644,404.45622370625154,363.60808025630047,352.74558982108243,430.2240332793514,325.4457779572236,409.05981940939375,325.03835493024496,418.8469857813301,368.58524173858495],"4":[344.0502670398664,356.0722609211247,436.7678422773553,411.7279012506741,332.17478833740995,333.12410303080145,322.6476836856825,322.37722704051623,398.66904596581276,320.4265719243042,386.0664023058678,320.64470710415225,401.3258775341828,333.27229745899785,393.0668660979784,358.0951766556605,329.5492727988826,380.3663660797381],"5":[385.7069227540567,420.65131636828323,335.34064368082466,339.40499313199564,396.4973744726081,362.8249964300753,378.59647722635736,358.8321812019101,372.2571898463319,376.93256812320703,407.2061326560513,382.40396243640316,343.1213930059802,375.04297250319746,366.33634835780634,397.01884074771897,348.35787862827345,385.1067170949516,343.46544593193653,428.74654500828547,349.86479826969736,352.20995561440014,348.8388357073699,419.1789053943786,360.9525223599011,332.644072464634,338.1955516093263,372.6684922398519,345.3101229331002,416.0023916467334],"6":[354.6203204449931,371.27794074449065,388.1360486445118,355.92793683657095,398.6696625067847,378.20523855600584,439.374528946812,322.7693547545138,361.32778296503886,410.4805169087577,372.54429906552804,367.1716969220816,423.9787203501967,402.4586976698961,361.2526438783816,376.43137935923176,383.98011551541583,362.0721013334256],"7":[412.3990459920808,327.2036278455527,414.91934074067956,414.70755880672414,395.19560412141857,326.443865381216,356.4892091479509,366.47859313610286,390.884918387016,356.0347198163157,386.0578647217384,393.09460889052133,385.3174998203495],"8":[352.9677085752024,435.63040192321694,366.1484726879404,391.4643924482221,351.49015040733667,327.24346478043276,436.95635714159806,436.9719201548206,401.85353854318305,339.88601823531917,357.1898525502223,395.93573933954406,384.11211496954235,353.8677526178628],"9":[391.46887956996216,374.68972475058507,438.62163906247736,430.43745312468184],"10":[421.99449795310665]}