{"0":[348.5859572053431,346.40778127618194,352.17559994614845,340.3360002360255],"1":[348.95798533501005,365.3568840174741,325.20257040761214,371.8158497511238,325.5797513339899,365.16660969673273,374.0502319566513,348.4872730557662,335.3232713071576,328.05127739330237,369.49297496688627,347.2452446845438],"2":[334.55589510178044,343.1099977672879,322.17530943213393,325.7563595161173,321.05639521195553,336.68347817771564,382.4206836314388,431.4065762554975,366.65675010136044,426.16896644847174,346.035912665967,408.79092748693006,332.6375304207408,380.20455947229516,405.22622078590643],"3":[349.15235206068377,369.48430776154294,337.24294617077425,350.4509074618585,397.97819538000704,346.0465558397515,396.38642740070355,321.09013281317493,378.4267871481458,424.0856309671071,350.34313522707953,403.7007252344263,342.6171337726429,409.3001703127388,346.10033282337037,355.02462435224095,356.01979672030035,367.35720729460365,403.9907966305991,409.978815139485,343.2469647892065,342.35346429497514,324.56838531253277,323.23747371397684,404.14858603281755,345.2744637970193,420.3467748964896,404.4920388585206],"4":[403.9931868765606,342.89732138022305,339.80267632888086,337.9593971495658,350.75742953268286,335.5793758013978,431.4332789295888,351.8339948864419,377.8679237414064,358.4670030056983,429.5860908733371,376.27793463788475,342.74033641210144,422.69975944929485,416.54130110540467,334.5195995700993,365.95496779737357,428.3379801995264,385.098532494011,322.1694236869017,407.5623589766317,376.56225025115526,365.785944706014,428.76642955211594,346.64640788625263,320.49808611331696,357.299904360594,397.01701593399304,418.28528082409383,424.25351931053484,419.5627374727884,323.29536715577717],"5":[390.0517917592183,351.4471567957223,327.43382858578804,382.5736121409983,417.7885645299617,379.7405940923437,426.170922009512,437.7756188401888,407.8352444103119,378.10125154747993,424.4333069916625,389.58984719264464,394.8843382315334,407.3139693181403,353.15098482014935,322.93150298591405,379.68184116454836,385.66534088178724,368.8737187233565,389.1952909932302,418.8624027608336,363.4595179440462,435.71216480548503,357.8432598231994,400.3969375692574,437.05987633782337,335.6254679546721,386.97600146515504,357.5346957525448,415.00339149814306],"6":[411.6847731335337,364.60827211594443,370.0527731325453,344.29384505516134,407.71112278836426,361.48560536945695,422.11707205753737,330.2384331010697,393.47401373417125,356.80235083175114,361.3903467174357,355.97699613877006,326.5592495550248,419.36022285855984,372.1265665731486,378.1987870292228,386.536668946466,402.26007032161306,391.35383868333196,328.7015194361609,426.0205991757771,436.48768765655575,355.1134363150171,426.6455089328062,431.970201104309,364.85123869634407,418.11943726013266,373.3934704966877,357.06219245318897,378.516817253269,321.5393246037917,424.68155530639217,328.70731690519045,438.9778091723817,438.00671344452945,349.8062855509246,358.6789336758993,406.24234513551727,349.733949060788,435.62129377984854,391.19213307717746,361.42690509528205,386.90453426160286,383.1154160483916,421.45504760183996,394.0927330336186,358.7724812123683,386.4917489871293,382.19415780307224,351.9647402007374,352.15118034949955],"7":[404.32336629211005,439.1863839097015,375.97946504131244,351.0573774721017,331.8044888886449,381.50938482867576,325.63160169521143,419.3204337073865,386.6529621159922,388.81025973866343,380.5901791208832,385.46373009232815,333.72947821625587,404.61861008472476,427.3309974640709,405.02882542494854,386.51122544029386,399.7697164604891,372.5724431799848,326.98153695158777,332.2232173592843,340.842316105099,432.558160091721,417.215498909009,433.829816901356,347.7217251076783,408.1153450265446],"8":[331.75078139190975,420.9478142043036,416.7589400116668,333.45674329044,334.7599736271425,432.2699168743788,420.02734745245664,404.3002085994362,378.87223067603486,381.8859065028651,395.2799898630841,393.3230005659101,417.74783987081406],"9":[362.73451832984995,395.6935303951848,352.32025816401983,435.90204687325695,356.5024566418046],"10":[380.5691744651056,389.01522842325215,435.8058842948933,439.0842719146066,415.8126186246048,386.0333153548462,413.06956925089867]}