{"0":[340.7617578539073],"1":[352.82901817477943,335.7338995895629,342.2491667746124,447.7723107618515,332.1432191671291,320.47071179885813],"2":[363.0459672651609,388.62044953259726,346.8043432464106,388.559216104319,352.2602950172424,341.163305537319,417.76831675842374,413.5092421437406],"3":[408.00831448786187,338.0512271317423,350.44058896548836,381.9512644479387,381.1220029612747,403.185006676748],"4":[333.2889015657119,326.66150319384184,421.66091859317225,320.8564952143985,333.2893432405092,414.0599259538337,392.35027370009664,430.4889990915917,407.4308872152388,366.7085344849547,319.4324836106902,313.24082038373444,397.481660160278],"5":[377.40349770162567,398.7927733458258,324.91998326568734,371.9368524522164,333.08883389770295,364.6727715676568,346.689752494868,344.29660595535603,418.49078659394655,351.1200790356664,390.96183712702697],"6":[374.2240361624931,375.8384931124541,324.75244470487394,316.7829647409579,379.6891969123387,318.8126460758142,346.9277257928203,429.17595069542296,375.3299556357889,357.78014456323024,318.35068408186845,371.81001505678717,436.79967785882826,386.3893324499639,432.8987797299349],"7":[387.81797450585606,351.4092422091719,410.530539094537],"8":[356.10290217535214,436.95105370112844,377.29889085722135]}