{"0":[385.84905016116113,322.8206882448548,403.6469508431161,321.10394336590423],"1":[363.40261939666533,340.2562156097502,343.6827565350157,413.06408666908476,370.29246165252283,311.2142334889981,363.27468182459705,427.07156871140666,339.806331138283,386.1751334863077,317.9461057591515,332.43899562025587],"2":[310.1752490448947,329.3944879597542,322.7088601606919,352.96318431495826,311.5676513684344,309.17263217942497,320.13730434226693,328.05942977803016,402.2198499160206,375.4224779576286,397.0005106989666,331.9901652625813,335.4588985982172,341.49468356846836,370.6255145763094,311.3107056893567],"3":[360.63258947419126,434.3157808199106,416.3442144380984,374.49223174445126,388.63977068512656,443.3646112210238,348.7919931475402,324.5912672520418,342.6213753712866,385.9710242516396,404.54468892802646,401.593486172418,334.5879315627149,358.6254919450377,393.21778891897804,315.2461142618862,308.40004053187084,345.0617463825557,341.23254966980033,414.5371954975186,344.50649493020603,311.4704099310849,448.42026767971333,401.1545151630135,391.0589648138341,395.89014558606976,331.501202720762,364.0242305706875,342.3152599474369,425.06191714546355,326.766894989424],"4":[444.81234278001136,398.1142665442296,420.1029051881309,415.79074475558446,345.351075523358,337.80555842970676,315.09335287586566,413.43834011078366,399.32294726270845,414.749769419897,361.1209956701131,441.06133539442885,315.39269763117665,384.70469334117104,400.85456709837,393.0454452824473,342.1616620208416,384.1319730763232,394.9606211603192,328.19861882514414,383.7960375064348,406.2265955324949,368.5411540290663,446.9194028457837,352.53712692134945,407.85799337150763,418.35347865718177,338.62824280556066,445.64070802254196,410.8783544872347,330.5331422711167,400.85330755490145,402.93687614746193,360.75969134518857,308.92952324323954],"5":[319.20299575272,380.27857071957055,324.9666300331512,451.5844034922908,326.18595267393437,417.3633417892166,442.49760742427964,409.3947672030121,386.24391921376434,447.2316122547049,404.4016716388463,375.54562540231336,354.6953652912206,412.60515881782766,442.398394912869,345.25071641074044,364.6444206659459,406.33132771929274,361.4134996751154,386.78059385767483,357.90598905726773,333.47951804869473,423.89497931861047,421.967840492146,405.93898295011894,404.41665355771147,411.56481768886283,452.7811687386909],"6":[430.9063797956891,430.8297914516896,419.79940245143996,316.5467666361166,442.975982268204,444.49888671667054,365.73660856857333,439.49034036478963,364.93531585156103,431.24944193229595,387.94653821164786,334.2824711396692,372.1073202581428,428.2002870916767,380.502650145415,425.0898250195861,423.47249521337926,371.1177535968874],"7":[345.1290880598433,442.51110622446276,398.4321158863348,329.754031737914,358.971907195366,316.5004007904684,419.15673308224336,359.03488578228166],"8":[374.1517364126897,372.64182996860563]}