{"0":[349.76760614797536],"1":[356.0755020060659,343.1716689526586,372.43072057965946,422.058396946378],"2":[336.0543114961753,375.1188489678492,351.03888363125225,338.497476345098,373.6624672295602,375.19281292208245,336.01095217461153,350.4511292883898,357.6272409114303,369.4942227629449,416.0312072434011,342.1142137343535,400.65035150518156,349.2967707023146],"3":[347.7765144543981,333.7669197902859,420.22984912125594,348.02144159164396,361.0669637949239,382.45642714127604,370.6528745090906,409.5594446555267,368.7890724413492,365.30055407286903,378.71875641197363,400.05702523043107,349.87224001115857,398.1482353388749,395.1146669420021,368.1575552717536,358.30455248371055,336.7436280048224,414.574844777866],"4":[418.43362595707293,356.79050158520766,336.09257161365235,371.86104296254285,372.55737820417494,423.110580023204,372.2767766117409,375.51404933455456,409.9771471810513,418.24893150775154,383.7585386829518,357.692945276479,343.09786223924436,420.32772437083037,379.9977350168775,374.6099505166941,366.9790717490916,373.7020371190858,343.55235937722273,412.2991148403225,368.55475727003324,421.46606622069623,374.13383774395714,363.5614380512973,351.7305435518115,402.41587993843575,355.8862021591581,349.0621345715261,400.0708877096117],"5":[372.4121074646324,348.0894631730916,411.2530642469768,395.17174238513564,398.1573110053067,382.27185962444287,407.5706842151516,391.5363647471586,404.0161488991563,375.3984508386336,372.8204176317302,414.1254751744916,423.7965278688306,418.1232093772589,380.8055244374939,383.70890240685105,374.8620899169716,401.1028670510533,369.3447853735798,409.6865918331894,369.07121476326506,381.4256877937217,335.99539677773373,355.9894597257609,355.9573637770444,384.4159077494163,359.47723558039803,340.4542651436924,367.06940234329744,410.26688217178,351.7354394240582,424.65280881618264,334.73676426251643,404.02949346794645,360.24412107253585,334.7229310989985,406.82919080847205,393.7901440593652,379.45240179430533,356.8299969376463,410.36271883255245,400.046123884312,368.49938746465284,373.77257879557004,346.0079957788411,349.05969817709325,389.87632831543266,351.0775230613085,368.0103243229303,372.51680433089194,371.36412576392627,362.81056137143617],"6":[411.176976873105,420.40761883434607,392.8664851185652,359.0519052481379,341.4150504898133,403.9784338133147,360.5106838339325,337.2538171752177,411.69450325328035,362.58442937266074,388.6927998669336,379.92858355244493,371.57257896512544,406.471480989238,382.88148780891703,375.4766904114826,401.63181938646585,409.4900923105813,417.2486053133843,346.6335044550659,345.9718192757192,415.59821701085826,370.7584312596547,387.37615917175606,425.2705234921048,343.37790954302875,372.63186681759345,416.6260949985955,425.1482942691839,374.05083513566956,339.9589837599737,359.30567992181375,414.45302784068815,333.5465070478454,408.44335413240424,396.7096404427192,364.41647396126723,360.4663327528135,334.06243690336413,354.6708511799311,401.83907123509965,402.7415918247438,392.36523292098457,359.2487929384606,424.9142084037656,424.202075629521,393.9497922469451,357.8342491968138,396.8408346572609,397.8624229356599,348.01050479057153,382.4846376200548,423.97260523334563,348.7794175715452,424.54531274249564,417.52393719375266,370.06505979793184,337.01205399629856],"7":[396.3193931688244,394.5322800220983,374.240660159268,383.4673542245157,361.71596991131054,404.9419940635684,365.16838855467074,404.01187964876806,384.21647000794997,348.3416551783982,346.26300047255063,337.1158178760551,334.7237667024123,371.53168273537955,383.8782625929321,411.7767192243269,371.1992570842012,396.4817064909591,341.60922152814123,391.02235348099447,364.1938486885437,368.5797741058692,391.6284999186016,375.64210767289484,401.51915279894484,365.16805200039823,363.2068972078901,424.30762302851133,378.9009272878329,348.2670296871951,401.49034672326457,364.5506957711425,368.48404341297487,405.8844654321633,399.2865722581698,393.37211782652446,395.0047126218836,417.1575261180724,384.13515732742724,368.5994073338996,334.0966246206148,391.248046374518,341.24168594231,350.9064639060995,397.19202805282595,349.62429362464206,358.45240390828695,396.19632649702544,403.3740870119352,416.75226079855094,418.4365201461195,364.51342435095285,380.86335453288535,421.85862439345595,371.6895628067461,350.62134484361974,358.3617601036505,402.94857383126873,389.56383680105415,370.67203140724206,335.46192240950154],"8":[376.6600380748048,417.9149631604058,349.2898093320382,413.55075799851966,375.3197068633967,408.17091216700294,414.0447353873354,383.115755972285,357.876653034056,377.5948929380858,410.70456817686716,402.0382851072132,372.5601282514163,424.47299867166697,341.76628487778373,337.1914893980557,405.6252944526041,392.65692644852487,365.85943205264005,398.0329667620373,406.6778735172019,405.2960561696443,340.236266513711,404.95676910186563,385.24717050056597,359.7927735637672,406.6968626183234,417.0141976709145,338.7222548565185,417.4862772686281,366.76010520987245,381.7972064460473,355.9067205425051,356.5831080208405,333.7200162587998,385.18371780933995,414.27121252781205],"9":[412.61380904124576,425.27542872059735,358.36726342354314,405.44747472556986,393.0976074015983,341.1914689995675,382.26669697120207,385.8736319566122,367.2861851069764,364.97966127145327,380.96970688552966,411.83462728845404,347.0808550808489,425.47449861837873,388.8339783564051,409.47270050816064,341.61760639767414,406.1648876457105,388.0672228371084,408.53832215777743,424.12566057785483,360.56625216607625,391.11780237525375,338.14810128143426,350.27103509641165,348.0458304606037,393.11671839221947,409.3098098217105,345.90600449381714,344.2658512638138,410.2121322528906,408.9543836225246,395.8043501602553,380.9563691609774,402.7368620374001,338.6214799671795,396.98292575058304,376.4373156126781,378.29827994794056,424.00217682203646,369.6391119212879,384.3245845342825],"10":[426.7085885961367,369.6320991574556,405.7409978407069,403.6167657515921,388.15026633749704,409.5931236463758,388.2328713834801,361.71581404658264,423.78211286108973,416.5003262557558,402.3100537672695,364.73050746927447,424.4744436283884,388.18139786472653],"11":[385.8467909119384,402.09291404757704,407.96276989975144,411.6286714038371,425.5464504822206,336.43590403504766,390.5039793927513,391.6630939917561],"12":[],"13":[411.619701641767,423.4892032263553]}