{"0":[357.0967718965133],"1":[363.86342154641704,339.23768497345674,353.0952669944338,372.53668579385106,353.0908368378522,358.6314481556441],"2":[381.8781960146888,356.85592571026837,412.15341534003403,368.8191200675275,417.36649259736066,376.3982933784002,351.2340535410566,376.9927001851355],"3":[344.8126863855078,387.6721396721397,376.44773702828496,401.9092661907165,417.02738887139736,370.26594841932257,369.5208725600047,370.2383528911809,354.3311995753053,420.81603246570245,388.10456543223324,354.06885888955173,391.4384885780021,340.41242851755686,416.9094651484202,365.8766085418978,357.1817863707057,369.1449613298218,367.7725246403854,417.18920419440735,363.23707914441695,416.39603938220614,404.23174850477216,410.4060063516747,399.5738406695639,365.5381423669053,371.0555380649765,410.4457806506035],"4":[377.4370384946108,363.1094329706584,398.7922327642359,376.4069328872697,372.9876466357851,398.5009483113537,377.8763364063957,352.12114941200883,339.24221317969597,397.2839348191894,404.7530236075801,352.53115321407864,388.34416953994946,416.82041641026836,417.2401865440695,418.9063791523621,411.510190972829,356.9954963675786,411.32490808606417,381.4269884809959,376.42217423880584,356.31606701955263,372.88562104855396,398.663842607108,346.4088712734414,352.55272870824246,353.3520806905425,376.44955506553816,376.76695307667546,404.6716554227137,404.03735786029756,390.70531766173207,378.37360354351165,409.9445120365077,340.1596900212895,398.7312122104418,350.3148350552227,417.0915874398235,377.98102250029996,376.3618825520263,363.0384142744931,417.8586508414062,363.4160270903057,406.6469766631158,355.82706417681453,352.7366206064901,390.8407770071463,358.4964875962241,344.5805947755381,399.3814586072063,363.2454829454968,351.8949370830322,353.8143772454142,411.942726823589,397.8009679756149,373.03700794315057,363.20623879142425],"5":[350.4146718116259,345.5241597325501,345.38064176063364,412.3108222783295,390.5929499056092,340.5483250025304,400.21321437653904,371.0876975470468,411.49222295378127,392.93721098449055,353.5668700025212,385.6026027107981,355.1532808119618,373.2377561801467,417.9114210841207,404.49911735418567,374.6824185076132,351.40875711515645,350.8058101845395,347.64524201811423,350.91722511547135,339.4829100737735,351.76316377010653,363.60614235784436,346.9908175193845,376.3483934781345,382.0579071562107,362.82274599759495,374.0191312773804,381.78334988118985,345.95113284267694,358.97220843033875,346.5136108445894,352.61286239689014,415.6130557224208,413.29963717197046,418.10241487814505,360.00545714416734,384.2774590873157,413.255379360334,369.6780177336242,393.5762236303293,361.16784452214125,413.97059599787207,358.38526924373986,414.88983289626196,378.0830833823509,350.4075077726673,365.6985821566856,358.5387434181879,371.58165593125887,350.9613758236096,343.7160753883714,356.66485830720865,399.07816994663136,386.08593532828354,402.0349161680607,349.70564308731383,394.43786002604463,339.3334481296275,416.8685450859297,369.8923552265257,370.2236449902065,409.21765818147855,404.03476975732326,392.58975604199657,375.6256041792661,375.94043592060393,402.83380436030586,367.07584471203177,340.906687420051,369.9126169569252,392.90012641430667,377.58976652437764,406.4966684793243,410.8829039720962,370.37528859598376,348.26487589415046,340.4284374670015,380.8218725564479,398.7773215584664,371.29780742590975,355.08974400825883,411.13594344099334,416.91890408909063],"6":[400.70361757987445,394.8798061283018,364.912766193101,349.453981503406,407.6463786891312,353.18315005382954,382.0240729692097,374.1478426040947,358.64822368342385,363.6686539381865,362.337230591855,347.6377895595919,377.7268556920601,343.39045127301796,391.8448596114001,353.0261217057046,351.5005519533127,384.1336676598456,387.1311010625538,379.57784541893204,384.68346629377214,385.9094449779305,362.8844134510543,348.18732341910874,339.68894997785173,405.89610373416707,357.5585532775142,395.9282033797353,353.12241352857785,357.0463009776462,387.20837769053855,368.9634535746529,358.7909636349675,340.56934139281384,410.43958153195274,403.60451282668737,410.75184185332074,419.4418894464265,346.75267267093363,356.92223621493423,363.63632760405875,358.0717250766552,372.22910971355617,409.90003068209154,386.8772625060987,389.5282870698354,392.4966655538113,352.2098897049516,339.40583906885297,404.10736578632793,339.37955847686123,360.1762038316817,368.44275367967236,404.25337385727175,359.47573208503985,381.2979995492753,381.676330866105,369.42056802978044,368.91335043411556,357.55819850549756,357.24551503902967,380.70545184560467,356.098762292655,404.7156987216865,400.6089185911316,410.0059560793215,381.87103075833505,344.48835920698616,384.18699409790685,376.2089738238051,418.88499114201295,394.06710021924255,345.90800912693777,409.94365315788286,369.69857058255747,356.41558949894517,387.1323813583677,341.49856117204973,402.10147829146825,400.0021004183702,397.1432236575164,384.4672924558926,362.60259696348135,350.43059815504677,361.5635635212086,343.7217430465132,412.23658428194165,410.6793452255848,339.5129194920604,398.696872988275,359.5069486242244,366.14069913834237,354.111633482133,395.3601869997596,397.80797215940987,380.29073234710927,395.9131037940973,415.1934508826923,403.9906042928608,393.98735049435464,343.094495156484,381.5032378382354,360.889260168611,368.40405367687185,374.0862461232404,409.5219702358254,395.9400952845215,373.40236068252204,413.104180247685,410.44616046953985,411.0513089859677,404.1113057648205,387.3937524754879,355.2921721583391,363.5986582270061,348.9257432436476,394.07407343328026,397.72295597807323,354.3567940136779,400.070354139467,383.3192166241599,375.2201990034155,346.2323873574775,377.3134504788344,403.663134037366,340.6495017206516,366.6049507899611,373.4247711713012,345.86649275426134,358.90020951575394,398.1844180396205],