{"0":[350.22189583892344],"1":[364.42561389705827,394.09677575301674,375.3139835030128],"2":[394.18667213981576,381.48826570117217,400.34154333975556,342.38901271559564,367.9196188770586,394.18267434387906,360.40131354696064,369.42017471734295,411.42565782334145,349.8894700353593],"3":[396.41230395246805,383.31488065915795,364.46130341240956,370.39652327943753,395.86170285159153,396.25004920340166,369.4222861134055,364.44150300608396,374.01712249365295,356.5833263382974,394.0936386644381,357.232144859512,356.89682315756545,400.2450304771436,369.98184364517994,393.91393666797984,364.75860362842417,345.00211756579455,369.0079936949366,385.29770858839146,351.0755031437186],"4":[344.3554634348039,370.40474052399924,387.6698638204749,350.6989920700751,356.5091695798887,376.6675608648658,377.37420820662476,346.211810373939,370.11575512470006,358.12725415798235,392.9453601094022,375.5969256628969,343.26553928184256,374.8930955393746,371.38410096593736,361.9338969703362,366.56607097838383,357.081915247349,400.74082554905334,352.09939820190283,349.9984724241479,343.4880758543347,352.27217495455085,381.9845018852767,341.64660991619616,370.19012319449894,400.0258031779467,393.56716626157385,404.545228463141,366.8070171443856,339.27751295683373,378.87260415487975,419.1119557680579,405.1795306774794,352.0248354273653,361.83533573915855],"5":[344.3369774547811,378.30312100268463,371.81294448735093,369.34233196412293,343.1696995024527,413.9749499647511,362.55999479760044,413.96199683009297,400.14945918921967,422.75230609933357,336.8230927003785,416.385519818802,356.7322255754441,382.27674997972633,384.9089469414512,399.5804096536042,346.75370673943746,352.4661316279703,369.9032602103161,386.53460301509847,362.6706931492775,342.57879688632454,371.60964215336185,370.00138397724396,351.77072882764344,342.70420154023145,354.39500548353897,411.5524566406232,411.94816412762316,370.5185409048629,378.9296350115929,412.39448353790885,377.918023505031,404.902593440411,404.59172525527146,412.7336330527748,393.84017990207934,357.340050902553,337.22536704287654,368.04839607446644,403.8565902778978,352.7438827615413,417.68923796263846,342.98130945523565,375.47901827225957,351.0537442233265],"6":[419.1180377835193,363.7810212379882,340.77696120097335,379.51359241454264,373.3416785790266,410.88827054016576,387.4521541760845,408.1162128316836,399.669678222021,348.7525472348667,396.0495934573229,352.0492158730202,365.18822675036625,382.9985541758904,337.54253019910055,353.5065267172682,399.4338112387005,345.32620348153444,394.7310199075114,378.33905850876715,418.85774646133666,380.3082147942568,410.24531055717546,419.75221975395647,355.3937975384077,417.38837903008204,411.6945872013007,357.60288144319367,339.257979883942,388.4160321944477,415.3624338575383,417.3679839216816,396.9607057666675,362.9850700623045,356.827991466708,400.76289488753935,416.73410834986726,406.604428196825,343.65461239731087,362.1358578460627,344.73488821710924,405.66089211775784,354.3602934669051,390.30997562412733,377.8685611348669,358.28567294174826,341.7992837472963,416.79919602192115,360.608403212031,373.15343330187875,394.55527771446555,418.75288011411857,359.8374388924634,348.12207851329475,388.9016348100544,343.0576031570085,342.13915668962574,369.8400418244735,377.89348972856396,404.14881393379846,388.4471664317901,356.7562997361756,360.6300222132798,350.6286235709864],"7":[384.10802892224444,390.2120887380719,375.37903673612806,355.16824869630443,394.4287933527232,395.9709211995409,389.9050945030855,397.57313633050916,419.0939210944458,423.44614312662554,346.108080816654,336.8998559815278,355.6362725004978,371.9014270291847,386.0274072840947,375.9692594858949,349.6344291058625,382.7893678033639,366.3026252510521,373.48317136715946,379.829549468383,370.6892436481954,375.7222679073551,401.35870037103666,375.73646435116666,387.39142130760706,395.8727066865864,399.74974567460026,340.61370969611465,392.5932853990707,337.1517485461505,346.2045901022358,336.9184275059483,393.039748938937,358.5063849421407,363.02126038630007,405.21158367243106,353.57602893933813,366.60676741858106,413.10254075626443,361.9434732301107,377.641146387013,404.25095082658095,344.4840754421575,343.09227287347363,377.32414463013214,359.51406799846507,352.20165735369994,417.2906980325372,381.08071261817696,347.81967562465366,363.846841893217,422.1453575075333,338.77553988220706,385.62866138297613,366.5444054781674,362.08131459861426,405.81905087914225,358.42334375622363,387.8191779738005,395.18383377998407,339.30168165767253,401.13065455027254,373.3001762825751],"8":[407.92468824970337,343.6357088835248,416.5222193984807,338.3443132253476,374.3568116357416,390.44769991086014,371.23735141375664,396.5578503747538,364.1198725796302,410.53891339766767,410.6174221303809,403.2196314389289,342.7031338865317,394.55196179138875,336.781236241555,345.90535733385104,349.13220579316743,383.10065226805284,384.25462593715565,400.97161418231315,411.2367052794658,407.49629339312776,418.16472257111013,390.26160427927186,340.0272898277119,387.502040578072,337.1575512037042,336.92803089962354,341.41178972272166,395.0229313990712,343.0289360267383,373.47149659741444,374.7741378428096,400.1752107996666,363.6283644756579,358.50183113125615,408.8349557516091,419.9225789830628,395.388844997191,336.54782625240665,388.2653423208914,386.0220230669046,378.68664438392005,396.9744422205825,351.15749132907274,411.7101547922991,374.21423341589343,386.9245789264561,355.0251953122943,340.8980119726009,364.778505469716,413.091636521268,397.03011693109863,397.977630901833,345.38943276962823,408.2143813543824,390.50572373997886,418.74450180583466,370.65600861122755,406.8076594320975,382.73057508058827,362.0539176288138,415.9984802423486,413.2737073959534],"9":[402.42322463095644,387.522968167204,340.2821060716886,340.8754381663897,347.0244743998577,421.6291410768475,353.938712719011,422.59828451509117,368.9310057726758,403.70961425280666,403.7400823042983,397.4030692229886,386.585447297551,372.234042791894,406.7790758462984,340.0297178377913,347.5301316172705,345.14791359970866,404.42939569018995,371.343519472723,356.55300354016947,399.9126647691818,412.9235691659176,387.9175589867958,422.4040636746612,383.2375030243508,349.12820400587736,393.419252135303,384.52405412204445,353.60429884606646,364.7751513619036,413.71884725851965,357.934621284604,352.13189678557546,406.79633711761096,399.8008455813546,344.39291183677364,414.27679414985346,399.8179462396697,385.13299773836206,392.62117994637293,371.66476082828694,384.7113479897399,339.29172589455726,376.6253955718797,365.77037891955655,364.1959830116695,417.98059960408375,343.42611046174824,420.9544035500744],"10":[389.12554409064495,405.80844400531697,379.2877137052044,398.5361585995634,345.5278744711477,387.02649739193487,386.8540360419267,404.3339207714,374.22386033080045,348.0386059078231,356.120601545366,407.3802470509218,386.1215043956518,395.5282566849608,392.04679738493564,418.059394523749,359.90018147958256,407.2331916201751,364.075058341233,403.3582239230358,399.713360559795,416.77096554568544,337.6710519159402,346.88170009748313,419.2837195371777,372.0097400649296,404.91923196263485,423.1446699640372,386.73606880409136,355.35682843997864,376.3640373969283,410.6304012822784],"11":[389.3962247946105,410.11193014567755,408.7790964522423,342.233384179689,374.6237088510947,408.7158853053971,399.80246334689946,380.5868282774875,407.31603442817834,380.9535223806158,384.524430762748,390.5906273573901,346.91550096620404],"12":[348.64182674109145,361.01558353978544,418.4188828382048,389.114130304726,381.86947801490794,389.83217529479566,395.57827037807965,416.0601757600564,345.4984603540489,365.870858849593],"13":[392.3367313027798,391.0051164247194,409.66104777258204],"14":[348.29197082699403,389.2509247300288]}