{"0":[347.77230078651587],"1":[330.82736191766105],"2":[396.022205951782,332.2993562125619,374.2996114893954],"3":[351.7092701941431,363.53715682200647,370.66504071657846,357.4981591303942,407.9097983331394,373.24253414840217,391.58827399412866,389.16958302378845,354.6768674331393,369.7011003024993,375.7050324939524,348.2253902228237,338.40227646635486,422.00571666970933,425.492402519684,353.1830778404742,369.94698424117934,393.47961348740546],"4":[395.9523839958812,369.56465454705955,335.93060473935986,332.79311214623414,367.38653070169596,357.77774750918724,393.38601543212746,336.59909017781575,377.6706779408,339.88854455524177,386.6087550996213,335.2858742278853,330.26590747876173,422.6206148790035,365.6587317074202,338.95073920157944,341.7279360597558],"5":[375.7668026725788,417.57640883824416,403.0423109749159,344.1024203486739,383.7337874757751,403.9235799124875,365.4475438018471,376.400974508302,371.6549514610045,365.4864364832377,340.73383878772006,420.91168820677296,412.0731421772341,392.915228157286,333.77179264646935,416.92073627419745,402.97357423760945,412.8659274540293,403.1372407240072,356.63198996163044,394.6798415740382,385.8627830320722,376.4137044446091,329.7652867669558,373.9822179785057,378.2598312894106,367.7444710532013,366.73827487309427,339.2319228327359,349.606803721657,426.886982934462],"6":[417.9593306779669,361.26548237837744,334.4092214538605,375.3879786190141,392.20645901495993,341.84292203296013,366.8808741918981,415.91969204899607,373.79088714786803,410.175023967309,350.8403944087169,336.65841153790456,426.1310482673755,336.4892400967422,417.2087365814623,398.0453180490065,407.58101735694004,414.18963490915195,352.145388971584,389.97843987138515,406.6919261459609,390.6005920158609,371.6114453571394,341.4818258330159,349.33762454539084,373.0241856395793,400.3944648519944,376.0492523706613,377.477250630778,334.8850013885912,404.94867075697607,393.78404912366403,350.4722388021872,400.7211589844919,355.8266319110204,402.01653880367775,336.7697662348349,404.89984772259834,424.86398430559854,411.1427795402858,419.88460147373155,430.3622088832788],"7":[369.01437630162786,388.67843249866144,356.7901869660317,404.35775041405157,356.774719338501,419.83577300486354,352.09412751638575,366.59508228103766,390.06290453801523,370.0416520155549,420.67261621462967,364.07239897260143,331.8771685183324,334.9506087438533,407.55933383263124,360.0983722591054,423.7314731199044,407.12113475024637,334.88802189516224,386.24744443822186,390.3824104962511,330.0640857733146,355.3514648886486,357.4342016711361,382.9411978697775,391.79069455360604,379.2361205752484,367.67804472310354,407.4024069474651,331.6527822125473,332.01131555322905,400.43648458338976,341.69402434624004,412.77880486541085,410.16248469285955,376.2191451147299,427.66733638293215,341.6866904372121,373.6354741850989,364.2948363587596,415.8156783588753,400.7679279242869,406.71360626839606,389.24897554849844,415.8822805410958,366.51484161919427,414.94958491698475,366.1343652299652,387.5809983195212,338.16492899241695,394.7039503296451,367.8903443906881,358.00922100171175,389.05132934252657],"8":[366.4291914494155,354.52672605780674,423.34123427347924,334.49631720502686,405.08543781569267,406.6720462509631,406.9939234385986,428.31160784397355,418.49472019867864,417.5859786096462,355.6234305809943,408.49976021961123,382.22644765325265,377.6842312672959,381.68654104409313,387.3919390491498,356.69984001310127,389.0118287693892,388.2462477805623,426.8923277055405,356.47085838807163,366.208845124505,341.79292713039564,382.0552864406325,358.90516857456123,424.40954805162505,414.31344521637976,429.878934221097,420.56172684691614,382.33819772422356,384.31520446302886],"9":[394.3317308584232,330.77389335916774,410.5078966731605,385.4174453477856,369.4684660072145,430.06746911885733,428.48539786049514,416.16689958049454,411.8362058607269,406.89198695207915,427.5889216516395,423.7114346621743,388.3105546700391,404.45731122999996,429.222080036738,419.9866452781098,380.2414574904475,408.25706353283374,336.45324748051763,354.31217578445705,387.7836971358693,410.0620044194215],"10":[414.30372426723557,387.08351091179736,394.9964165407097,406.85066579486937,418.72633614894465,355.48597696334144],"11":[413.077403545106],"12":[341.0606875853318,386.4967900773271]}