{"0":[377.4626503402733],"1":[380.3895530492531],"2":[398.58922210907315,351.65264886702766,345.6207663637638,369.76610135774,371.8592200464399,375.5481089128052,390.6112712317485,403.6049821452496,370.8894306845597],"3":[369.7036313981568,354.0713191272849,410.4327693715905,353.09295695363176,416.8617757502091,353.24384773384776,378.646241207887,372.1216122016865],"4":[381.06554383787153,387.28510709137,410.44285894952054,392.0033955154013,360.63170859372667,353.1486392311954,397.0708698342027,358.4975261061778,358.5267999129629,369.5995752444127,398.5333702705098,369.71122412488313,375.2472883034017,351.4494477365815,416.1436700587993,392.7583101363207,360.9390904735594,383.30736501937,402.33312127157893,397.30725297711615,359.3357002108997,399.02887316286575,392.15979293571144,359.8240399971559,341.57815143277804,397.3236409177535,372.3850174430308],"5":[356.2051030693706,341.82661119159974,364.90350106973244,393.52916954706427,375.2085974804534,360.37588231053417,356.27556715810726,410.5603050246932,390.78322514055606,417.295243206248,378.0432371501979,396.0239821513448,359.7748606041789,379.66657316078636,373.532663867975,395.556759787594,355.8275072373839,389.93103762029364,409.91375588048123,373.9784481482816,352.22377461456904,359.19464158360057,355.51936061625935,409.7754902441529,381.02120599815646,400.86315702533346,414.9254318636683,371.3733666478012],"6":[397.23282691299323,417.34092292018454,390.5017128413484,343.72576931880025,354.0860374307506,393.10304554813354,390.5248916382783,398.42029779758326,360.2608797811034,356.6127745519739,394.2298580460332,353.40247174280273,390.25599880566443,346.44734761369307,392.72242084800286,361.55908357421504,378.05868784442106,382.8079327467103,345.32738120368583,360.3405447103556,353.1505086238322,356.91434470428385,345.68432515385496,372.2309633108273,347.76525075097913,342.77967100362804,376.43520664001875,404.81264243361625,380.22627708328685,376.6529492405212,381.39589575342984,343.9033440611695,376.00661082085674,360.0344169569515,376.48499669486904,371.0644817374166,398.94789841880043,409.0538663236311,363.52683027106343,415.54979352939654,341.7012097776015,394.7040389194447,357.29833894564064,412.7125364448451,373.71513569783417,416.8101699699316,401.21804615668674,358.5699265357316],"7":[372.97238444532076,410.0472833973965,345.092456895099,407.18360084257364,417.01286730477125,370.9745824727514,372.9414515334393,410.51975817221586,376.33109569172905,395.503973980866,356.5327776345508,383.3686470566555,385.4973917729318,393.4364567770403,389.1266371170795,353.6903905611982,389.5175351072982,374.1506779825969,417.7343042600447,387.1303775599299,413.27073891114327,389.9190714072094,418.3908308315804,343.1316915482678,373.3661626789416,387.072162250523,397.8138854929963,389.5100524637082,357.13977671685217,343.37955069314495,417.667744022086,383.07831181328896,385.66293188176337,352.7781046596237,384.7606267462827,383.59742767367345,372.9609130494603,349.20099315237576,397.0339830099625,411.5735023924475,402.7679549853329,369.7976230848453,401.8478230120734,389.8064326417115,414.83439009686185,363.8671379540235,356.3341348848925,359.56162664466694,379.4166321322654,379.6929292685165,360.73609198290154,361.8653844545991,403.3529767678165,341.6378058358435,369.5931651409354,403.3283725198863,350.8149567811121,363.830663193244,413.62852259422414,388.72139194686304,369.70098576211666,392.7730118527879,410.941851797817,371.15042293447914,394.64343045739815,412.1483078306014,343.48199910417395,381.17769415287574,347.5405266276939,402.80560796716986,393.0764712132164,409.5545545390201,341.63911183412023],"8":[374.8898322184695,366.79321842690473,364.00962675733587,374.1520204023182,348.35482380376385,409.92341554261634,391.1931072118199,409.1736402601903,378.5765063313971,388.7648857824372,348.2140694045833,393.44435806709237,377.3478328310256,389.4005202057184,402.42282202488553,395.7886607360806,350.7062987945814,386.3985533966367,398.992812494536,408.044239282038,361.68188378509916,372.96223610116874,374.1240165013012,415.7222791385162,409.2387634393675,364.36549885931197,405.61514339209236,397.7520844730351,385.66784858820967,410.2754843366872,411.3214017007497,375.5208479363311,389.75280754491826,402.8099643548852,384.99129694347323,410.0396761509606,392.4270559451731,384.70204778892116,363.5566695891889,387.5493332681025,353.85225189426353,353.3024901985293,367.4852152210932,367.83590286035115,390.13863881296123,391.9679704135153,357.73294144310546,364.7276288217863,343.38727503072795,412.7959469250492,402.14728469080956,391.3280798771773,371.56279186596987],"9":[414.1573721416383,356.58936485164145,372.8160402367125,366.1372460392053,386.71640303598565,345.86157508823874,345.6629516457195,412.9300039531961,344.3432223429646,383.1727907590703,381.60043048980816,344.07393941085076,410.28752725745693,343.5865433729504,398.17787347563456,350.90795303076754,345.0712755402715,367.0647693627095,385.01884322295876,370.4366202107562,366.1109439282756,386.718728326356,358.2991018447147,389.26008435682286,378.3605422000362,377.4346734301451,408.23808304480417,359.6808178936687,403.6421162266567,375.1928349839819,395.17445631997884,343.9179231827377,411.14903798081724,382.5856835505806,414.6481844983031,381.55842211041335,344.24728027597416,352.3349502424184,384.83211358622935,391.1460086307236,349.7137703093475,388.82728063373395,369.87708584242586,374.4575831084873,380.3149276433031,351.2106444370023,396.27813165872175,413.8646614134917,354.9043505359838,415.26583125758935,365.57297817244626,403.203921583348,412.33344108515723,348.5302636993153,381.6614680090883,352.385268646597,343.90179899743987,406.1439571460121],"10":[417.94842838815964,405.61604795568843,401.18319578616206,365.0190525211468,366.5282430724596,386.3581363803811,372.5560331820498,365.2815893581022,404.5398388395193,365.9820047666685,405.30046401618154,407.0576852721031,373.9682883620422,367.3891528258661,402.2746485801925,402.32799948795525,374.90923388648633,377.92294352546617,410.19107910233447,370.37552442935043,400.91826471806405,392.39714548374127,411.0921702424436,344.1463450967792,415.6460880747004,411.1327745733119,385.1323707940223,405.8450431240845,402.27184867401223,369.40448263602224,372.90830779110087,366.5745945909613,375.5623393942778,367.36693186486707,404.67184574926205,417.9327739227009,408.65938685895117,393.5593786430604,345.39769231858486,387.71241229660626,360.98438768038255,411.8460750925983,415.0356275898222,391.07077408281094,367.71685969484747,389.7267937089727,366.10527799825223,384.7181639602948,343.8938003881114],"11":[369.3813205088018,400.84492258131803,379.6408377324699,405.6410639787581,385.1612536703169,417.07160301882027,349.56077081137096,364.25259659328765,395.57052302275025,402.3808083711385,411.26071226497544,350.3006111418777,409.8838775097376,387.16137935484664,417.94647695372936,347.58034521347486,367.9676456835705,368.4123202300762,367.1997865648262,366.4882262726022,386.45419289683866,352.42563647721215,360.0098974826001,412.05456929347747,409.28464025467713,367.8252945154359,401.1583429712161,386.43891789339494,388.352849108246,356.7081329042239,405.37202430816143,366.57525473188286,406.44291219280444,388.2902951041826,408.9328381158771,382.75041631889087,402.0055727688108,411.2877301764902],"12":[346.65242559475985,405.2961089897013,417.25878412831537,405.7622163563884,389.46993796069944,373.16210034787514,365.3778675522178,396.94039058456144,411.055933973523,402.95268180005826,368.38069357231586,408.9935896169857,417.3823215751928,382.0571105183341,418.1683879286461],"13":[387.9689817837527,346.71211701976364,406.0272278180801,361.496621009982,388.056482541154,384.39324919253767,366.04674561148494,348.35682272637575,385.02355014524926],"14":[348.3344058569363,391.0203793781693,361.95851404159754,405.81277220466075,385.1748085770578,388.04245732932185,389.0756190353185],"15":[349.46309397571935,350.0850189092596,361.409785926524],"16":[385.21115648821143,385.1843320482589]}