{"0":[378.013453338507,348.6849438404531],"1":[348.69533668928455,330.35351777327037,370.20654659760163,425.31779977674387,366.8253828358238,367.4045533014016],"2":[330.3521556840546,370.6969015220218,432.1756191187341,327.5385164243796,361.02822147989684,424.0238274848447,390.8502058403049,412.48827647459984],"3":[359.64266480271476,432.26079588617495,372.9021758784802,361.84519927369695,419.21451927573025,421.0206459655956,357.4377274133633,355.97150280479497,422.4534179363949,406.01119166599057,373.30295716512467,328.93308194580186,418.0948705134781,373.23437653843285,373.9636881646693,341.74971560590456,328.6536128362486,391.09671468406066,384.26386271354295,373.21489477349496,383.6732342642513,373.4758205320043,333.9488043366075,349.0679393087437],"4":[422.12673405885374,356.69511753739823,433.6363333189065,352.2762156641146,397.9315513562418,361.3565669535597,346.97430934076965,327.2585744565619,388.51456581255434,346.74323760173496,363.27068936087795,396.87272601803534,387.5888108221666,349.2000800706471,405.880765248613,371.8912793749211,358.14647642900593,369.0206151788057,373.41664503794874,339.34353460533714,339.15199032277576,380.22570753582255,401.2614627646434,359.5254330218658,371.9698180051672,407.9972349603455,432.0368903449862,346.7326156222295,373.44724765407614,340.83957778809736,341.39195655662195,355.3056147859137],"5":[337.0306248085072,396.3888671109488,330.58764820699673,352.8524936692658,424.2364763706729,333.696319820167,424.29862741935415,422.4895512318487,353.59963838864866,327.13473050885597,388.5478868809319,401.18827095501416,385.426206842969,403.91480894726226,350.3925174680052,346.3978863197269,387.34549255979255,342.7588766818113,401.5817908627146,370.9637603420482,378.9124557320865,327.57634002792986,395.0202742111605,327.5321477420382,408.59063605306943,342.2450641068407,397.1892410702511,349.051259894109,400.9077439529358,326.7101988715525,353.25628772499493,372.8497037581153,335.5285710732105,330.41162858895365,406.1106975089368,326.05013570575954,330.2952415964384,417.72155805167483,340.6858179583274,330.50010566877233,381.8444123278037,344.38652079259,420.3477794625543,364.9438242989131,352.0715715996364,405.24936977692647,364.87098371050206,362.2592339212598,361.3342342427138,429.973298186741,359.50193106033925,415.6448721601125,427.84325753911423,393.5501079781608,423.85903934692965,375.78384442333515,332.6805697281059,326.5885620517128,368.0319119871971,415.9424781750311,344.1018911159154,395.73173956174503,392.01033368840336,358.2592708445874,374.9312662267919,406.9457194399946,343.1321789272559,419.81873673993715,384.75350566723944,383.5432863511255,426.28833268768705,364.0060825554731,332.2879639592883,428.9101621602275,382.456450032648,348.85847843509197,345.97928155609776,430.931587783863,368.44329912638125,391.79544030929617,353.9182075731688],"6":[391.89322007197507,404.63778786482044,387.8362820765193,354.8366008884729,341.7547877185065,426.8679558189283,421.7835411971003,411.2944925357556,339.3474551811595,338.55336816893004,403.6989628935212,376.5320250997008,378.3024680218686,426.63162993029994,428.88161537100257,353.9821056519257,387.7998758402563,363.07084339294335,417.26683684448733,340.9650084702512,411.500134025277,430.3289226619493,342.47300900911137,327.5887260276909,341.80035630817304,421.04535643885345,377.2734134794057,404.5383993365578,395.5686881959972,392.39985289949107,373.92540754610405,395.2537120331458,419.04289936931565,401.52111397406145,363.6261808999685,420.8782909052005,337.5985645689933,404.60010175441226,422.95104086205055,359.2815202862258,413.8987482627882,397.75186082042666,431.6262978014222,418.3918784677726,386.09780242933573,360.06491949835026,344.7112470401421,342.4130784454878,386.5053477352606,423.12609609456683,415.1996786870985,384.3769094902344,415.7774180300962,362.74104576210397,421.88063103309344,409.93266966835336,398.9089945839021,326.7730296226827,382.7449335804699,338.8552407414066,432.20639395779415,394.16741305287945,326.20014681930047,376.20625896255274],"7":[385.08127408034045,411.3393313994127,389.45449271060113,368.0947210622941,429.34509497918367,351.7854586866396,392.163378327383,412.79950249039086,347.06533790403824,376.124199111747,393.5066345944053,380.6945356768607,325.97626016843907,396.9599536898954,334.9032563649345,429.9863309487938,418.54404169608614,352.41002911733216,383.5972614198322,432.9011712492003,358.65952039538445,343.36779555396896,434.5723034833511,415.71937254587885,404.07977055511907,340.2883713236092,331.5047920471696,350.895448684069,377.0614962661061,393.0524182207572,392.5553413048802,383.9843001988244,427.81152367751946,392.6903757923369,412.86114046631144,381.87660476090446,386.9075468057974,406.8646720988458,329.77380502389553,334.6992400840596,360.87093918409624,357.2987767369333,396.4556001058993,338.77910539702185,382.515659399381,410.56719416168494],"8":[397.4168092054146,392.51561691843204,390.6988589175525,415.93068828474617,420.7873743945843,421.8165678775922,409.6756756865738,398.4726758514334,414.7118345999128,395.73704716322897,391.20465498397306,341.9080564448517,327.143895363696,427.73136349553704,425.986469433023,405.58450412413623,394.463838340949,337.00189364351684,415.1458347914786,433.581588049678,414.9085800044297,385.0532462297088,430.39489987609545,408.2872401125195,410.92263799788424,418.18593595103016],"9":[378.0164605836052,326.5815873938034,410.2226870400682,399.14481249943185,432.1931520838527,418.66089013570297,421.22801354889447,392.44231020259724,394.07459802909943],"10":[431.136454941566,386.42738832182454,429.2283255116963],"11":[420.776688755887,430.89488834535894]}