{"0":[356.88006679067206,375.70813699262794,369.53618209810617,421.0798911210664],"1":[341.8636061390263,329.9376099323208,408.3140211816075,421.29460530373814,343.7481910459163,336.61824235199526,325.22888885544575,343.02563993003673,329.8911709676469,432.1284403438031,421.1913543537628,326.18788118346424,343.0452037060602,334.82856265312984,330.48043781758537,408.11785474700326],"2":[335.10890630778226,322.6826518621164,441.72293372476065,343.4415933661458,376.6818571348407,343.481590481049,435.26263659526035,320.4360241209757,408.85946895560585,389.07118454603363,435.6780632111318,319.32849891813834,392.3979160298161,374.31661525613293,336.60021913746647,443.5427055441621,347.8145663519014,316.7547727487433,364.73284632378864,331.0587180499055,347.9135843157816],"3":[424.3964789362184,348.4304928460477,336.0005147511987,326.2610334006469,341.4529674810019,376.76427261602436,361.4495761577758,387.58581772743185,375.208969754632,321.67892457142307,366.3424331423131,325.93979499004513,433.9830620260119,354.2186925281743,358.2325201957914,398.04174642753,335.58134346747244,341.7416108339257,322.3241602040391,359.7100718648626,363.5459950455692,353.6663198344986,369.75767033502063,345.8109881369904,366.37631357988164,342.8974466942306,335.12411821311673,399.16836251105155,392.7827692102839,354.1280819042882],"4":[385.8704423448095,357.12222783456036,418.7654569648297,369.224503322631,326.1289533374979,339.11004398241624,377.4335557070039,429.2110310120278,373.979668631801,352.12365306127816,419.7597701613421,346.51740767281404,419.3681668299616,366.3089631085931,410.2965725527635,346.99486552624046,316.76611047749674,420.11105611050743,399.69524906732204,321.0211602070187,314.7894676540084,419.75833603781535,358.7009998218032,438.07595385225676,397.098059272476,399.8602376937761,347.8174603415749,369.3910001633748,335.6287854656078,332.81113620975816,317.76800359839854,363.12295418161733,320.97926928631887,404.7698439306073,375.54050572511414,348.1953651855864,319.814555589276,441.47212590595166,390.2386376609382,396.4926431173632,435.71392309750576,372.1919398885914,418.9401931261079,330.10626179050206,347.8775167839282,362.62508227740625,410.3868571057735,326.3647804754177,424.5301439387283,327.133051436661,387.47921897436106],"5":[423.170752894093,370.25827253789487,335.03716595942336,348.46263207292174,346.09764042320336,326.07778426976563,322.0057786372638,436.17829751857346,340.341139451287,391.20416867426513,386.4746944537317,429.5678243185082,376.18475044092787,391.0195276069748,388.5246778879975,326.00315974335354,357.8384278297555,351.16676498034644,436.3004087135292,377.77332498209273,321.35481159100186,365.0346680207271,329.63087215440794,314.474866437461,420.9252487053952,327.72155050712706,334.42515753375466,383.053799636049,339.52463970888095,360.73888215163356,387.8176639942741,352.42041249125884,340.15422268074775,437.49261446812227,334.1745577227507,352.83046864318965,429.70481636396846,361.18196399502574,361.8685958275173],"6":[397.5591780267823,410.6376069765409,383.48532029932403,434.38072404921587,369.3331524414578,413.3486599230223,384.2126402270271,420.6539737429622,444.02471721729114,360.5399031764219,380.6166082979212,436.61400290551694,392.52750073491677,371.03662675876774,406.4760796374236,342.9283077679315,402.413781823522,424.8911851069072,438.39809673511166,441.7994387275121,434.32269526161383,350.7028903259285,349.2496299864587,424.41202536349647,362.5959224785521,360.3814859477481,338.1661112986972,415.27360795815696,417.9376490914642,360.7081634027637,420.6475666167628,383.8285343965079,362.5888101578459,320.84117383962393,430.6367723528872,362.60511780456545],"7":[387.06173310154924,441.13318798602444,391.32781217919137,441.2035362190559,336.14340381224986,407.02685072623586,430.9074324150184,357.2864932508599,317.7828083079324,351.867414420561,413.94835202908524,403.2824837176155,393.9105766065636,350.4892395547757,390.52891493961647],"8":[418.29306154338354,424.73851033337354,433.6140981905954,436.8204455756043,413.6621199989409,426.2301480394756,381.4612244575278],"9":[403.2405138619945,403.25290969678474,403.9891544020712,328.7971374831415,390.154584295101,393.7029099385465]}